{
    "n_folds": 5,
    "successful_folds": 5,
    "failed_folds": 0,
    "mae": {
        "mean": 3.2737986564636232,
        "std": 1.8456995412509025,
        "values": [
            3.516599655151367,
            6.5769267082214355,
            2.647656202316284,
            2.6531894207000732,
            0.9746212959289551
        ]
    },
    "rmse": {
        "mean": 5.855040778561056,
        "std": 2.8569854782803263,
        "values": [
            6.492101418559127,
            10.87921692217982,
            4.755786984497828,
            4.906234449617076,
            2.2418641179514323
        ]
    },
    "r2": {
        "mean": 0.7707746148109436,
        "std": 0.21696735807250275,
        "values": [
            0.8777963519096375,
            0.3778090476989746,
            0.9164071083068848,
            0.7022830247879028,
            0.9795775413513184
        ]
    },
    "mape_masked": {
        "mean": 