{
    "evaluation_method": "full_validation_set",
    "timestamp": "2026-01-16T20:38:42.168876",
    "total_folds_evaluated": 5,
    "best_fold": {
        "fold_number": "5",
        "mae": 1.2843033075332642
    },
    "metrics_aggregate": {
        "mae": {
            "mean": 1.8739758253097534,
            "std": 0.3596728387553099,
            "values": [
                2.188493251800537,
                1.8952836990356445,
                2.2903079986572266,
                1.7114908695220947,
                1.2843033075332642
            ]
        },
        "rmse": {
            "mean": 4.756789321295801,
            "std": 0.6620779975224222,
            "values": [
                5.261281924958639,
                4.738869123478513,
                5.562507715112715,
                4.586413071260535,
                3.6348747716686045
            ]
        },
        "r2": {
            "mean": 0.9338710308074951,
            "std": 0.017402998610785234,
            "values": [
                0.918371319770813,
                0.9349547028541565,
                0.9129289388656616,
                0.9413217902183533,
                0.9617784023284912
            ]
        },
        "mape_masked": {
            "mean": 21.76593589782715,
            "std": 4.6201677322387695,
            "values": [
                26.816280364990234,
                22.236650466918945,
                26.178020477294922,
                19.269380569458008,
                14.32934284210205
            ]
        }
    },
    "total_predictions_analyzed": 1639440,
    "total_windows_analyzed": 68310,
    "mase_seasonal_24h": {
        "mean": 0.4053259015083313,
        "std": 0.08329535923570196,
        "values": [
            0.49891138076782227,
            0.4150504767894745,
            0.4830743670463562,
            0.3560389578342438,
            0.27355432510375977
        ]
    }
}